product_name,url
(RE)M3D RKL 25,https://rehadapt.com/product/m3d-rkl-25/
(RE)M3D RKL-T 25,https://rehadapt.com/product/m3d-rkl-t-25/
(RE)M3D RKL-T 19,https://rehadapt.com/product/m3d-rkl-t-19/
(RE)M3D RKL-Madita-Fun,https://rehadapt.com/product/m3d-rkl-maditafun/
(RE)M3D T-Nut 16*6.5,https://rehadapt.com/product/m3d-t-nut-16-65/
(RE)M3D RKL M8 Mini,https://rehadapt.com/product/rkl-m8-mini/
(RE)M3D RKL T-Nut Sunrise Medical,https://rehadapt.com/product/m3d-rkl-t-nut-sunrise-medical/
(RE)M3D Permobil UniTrack,https://rehadapt.com/product/m3d-permobil-unitrack/
(DA)UFC1000IP,https://www.aacmounts.com/mmweb/index.php?route=product/product&search=UFC1000IP&product_id=123&search=UFC1000IP
(DA)UFC1000SMIP,https://www.aacmounts.com/mmweb/index.php?route=product/product&search=UFC1000SM&product_id=132&search=UFC1000SM
(DA)40IVSMIP,https://www.aacmounts.com/mmweb/index.php?route=product/product&search=40IVSM&product_id=145&search=40IVSM
(DA)INVMOD/IPA,https://www.aacmounts.com/mmweb/index.php?route=product/product&search=INVMOD&product_id=208&search=INVMOD
(DA)SALSA18/IPA,https://www.aacmounts.com/mmweb/index.php?route=product/product&search=SALSA&product_id=435&search=SALSA
(DA)UTPA/IPA,https://www.aacmounts.com/mmweb/index.php?route=product/product&search=UTPA&product_id=160&search=UTPA
(DA)SANGO/IPA,https://www.aacmounts.com/mmweb/index.php?route=product/product&search=SANGO&product_id=419&search=SANGO
(RE)M3D Quickshift,https://rehadapt.com/product/monty-3d-quickshift-2021/
(RE)M3D Quickshift Sturdy,https://rehadapt.com/product/monty-3d-quickshift-sturdy/
(RE)M3D Plus HD,https://rehadapt.com/product/monty-3d-plus-hd/
(RE)H3D Short,https://rehadapt.com/product/hybrid-3d-short-uds/
(RE)H3D Long,https://rehadapt.com/product/hybrid-3d-long-uds/
(RE)L3D Quickshift,https://rehadapt.com/product/light-3d-quickshift-uds/
(DA)Locking Bent Pole Mount,https://www.aacmounts.com/mmweb/index.php?route=product/product&search=locking+bent+pole&product_id=51&search=locking+bent+pole
(DA)Locking Rigid Mount,https://www.aacmounts.com/mmweb/index.php?route=product/product&search=locking+rigid&product_id=55&search=locking+rigid
(DA)Locking Side Folding Mount,https://www.aacmounts.com/mmweb/index.php?route=product/product&search=locking+si&product_id=57&search=locking+si
(DA)M-Series Bent Pole,https://www.aacmounts.com/mmweb/index.php?route=product/product&search=m-series+bent+&product_id=65&search=m-series+bent+
(DA)M-Series Rigid,https://www.aacmounts.com/mmweb/index.php?route=product/product&search=m-series+rigid&product_id=64&search=m-series+rigid
(DA)M-Series Side Folding Mount,https://www.aacmounts.com/mmweb/index.php?route=product/product&search=m-series+side+&product_id=66&search=m-series+side+
(RE)M3D Adapter Ring,https://rehadapt.com/product/m3d-1-adapterring/
